count,name
2587,Luke Kanies
692,Daniel Pittman
565,James Turnbull
325,Josh Cooper
301,Brice Figureau
281,Markus Roberts
273,Nick Lewis
270,Jesse Wolfe
250,Patrick Carlisle
210,Andrew Parker
204,Matt Robinson
161,Jeff McCune
158,Nick Fagerlund
129,Matthaus Owens
119,lutter
104,Jacob Helwig
103,Chris Price
103,Paul Berry
98,Rick Bradley
91,Rahul
84,Stefan Schulte
77,Kelsey Hightower
66,Nigel Kersten
53,Gary Larizza
53,Dominic Cleal
48,Moses Mendoza
43,Pieter van de Bruggen
41,ajax
41,Dominic Maraglia
39,Michael Stahnke
39,David Schmitt
38,Rein Henrichs
37,Andrew Shafer
36,Jeff Weiss
34,Sean E. Millichamp
31,Henrik Lindberg
30,Todd Zullinger
28,shadoi
28,Hailee Kenney
25,mpalmer
25,Paul Lathrop
25,Max Martin
25,Bryan Kearney
24,David Lutterkort
24,Dan Bode
22,R.I.Pienaar
21,Ken Barber
19,Michael V. O'Brien
19,Eric Sorenson
16,Marc Fournier
16,Francois Deppierraz
15,ballman
14,Peter Meier
11,Hunter Haugen
11,Ethan Rowe
10,shafer
10,Christian Hofstaedtler
10,Cameron Thomas
9,Paul Nasrat
9,Nan Liu
9,Erik Dalén
9,(no author)
8,Jesse Koontz
8,Dustin J. Mitchell
8,Ben Hughes
7,Whyme.Lyu
7,Ricky Zhou
7,R. Tyler Croy
7,Martin Englund
6,Steven Lindberg
6,Steven Jenkins
6,Richard Crowley
6,Michael Kincaid
6,Lauri Tirkkonen
6,Garrett Honeycutt
6,Deepak Giridharagopal
6,Blake Barnett
5,erikh
5,Will Hopper
5,Tim Bishop
5,Russ Allbery
5,Michael Hall
5,Matthias Pigulla
5,Maciej Blizinski
5,Karl Fogel
5,John A. Barbuto
5,Hector Rivas Gandara
5,Andrew Forgue
4,christian
4,Thom May
4,Sam Livingston-Gray
4,Juerg Walz
4,Jared Curtis
4,Dean Wilson
4,Dan Peterson
4,Ashley Penney
4,Anselm Strauss
4,AJ Christensen
3,S. Zachariah Sprackett
3,Ross West
3,Rahul Gopinath
3,Patrick
3,Niels Abspoel
3,Joshua Harlan Lifton
3,John Julien
3,John Ferlito
3,Jakub Holy
3,Ian Taylor
3,Franz Pletz
3,Derek Olsen
3,Carl Caum
3,Brian Pitts
3,Brett Lentz
3,Branan Purvine-Riley
3,Benedikt Böhm
3,Adrien Thebo
2,rgevaert
2,mruzicka
2,codec
2,Thomas Bellman
2,Stéphan Gorget
2,Stijn Tintel
2,Ryan Uber
2,Reid Vandewiele
2,Paul Boyd
2,Ohad Levy
2,Nicholas Hubbard
2,Mark Plaksin
2,Marcin Owsiany
2,Luke Kaines
2,Konrad Scherer
2,Koen Wilde
2,Ken Dreyer
2,Justin Stoller
2,Jordan Curzon
2,Jeffrey C. Ollie
2,Gábor Vészi
2,Greg Sutcliffe
2,Elias Lutfallah
2,Devon Peters
2,Curtis Ruck
2,Cody Herriges
2,Bryan Allen
2,Bruce Williams
2,Bart Vanbrabant
2,
1,steve mcintosh
1,stahnma
1,root
1,peter
1,mh
1,markus
1,josb
1,jmccann
1,fredrik-eriksson
1,duritong
1,donavan
1,ben hengst
1,Zach Leslie
1,Will Farrington
1,Valdis Victor Vitayaudom
1,Uwe Stuehler
1,Tim Bielawa
1,Till Maas
1,Stig Sandbeck Mathisen
1,Steve Nielson
1,Simon Effenberg
1,Siim Põder
1,Sharif Nassar
1,Sam Quigley
1,Ryan McBride
1,Ryan 'Gozar' Collins
1,Roy Nielsen
1,Roman Barczyński
1,Richard Soderberg
1,Piavlo
1,Peter Eisentraut
1,Paul Tinsley
1,Paul Mucur
1,Paul Morgan
1,Patrick Mooney
1,Ossi Herrala
1,Oliver Hookins
1,Nick Stokoe
1,Neil Hemingway
1,Mitchell Hashimoto
1,Michael Warren
1,Michael Knox
1,Merritt Krakowitzer
1,Matthias Saou
1,Matt Callaway
1,Matt Blair
1,Mateusz Lenik
1,Marcel Haerry
1,Lubomir Rintel
1,Linus Sellberg
1,Lee Lowder
1,Jude Nagurney
1,Jonathan Grochowski
1,Jonathan Boyett
1,Joe Hillenbrand
1,Joachim de Groot
1,Jim Pirzyk
1,Jes Fraser
1,Jeroen van Meeuwen
1,Jeff Blaine
1,Jasper Lievisse Adriaanse
1,Jason A. Smith
1,James Perry
1,James Cammarata
1,Ilya Sher
1,Ian Ward Comfort
1,Henrik
1,Gunnar Wrobel
1,Gleb Arshinov
1,Genadi Samokovarov
1,François Beausoleil
1,Erkan Yilmaz
1,Eric Stonfer
1,Eric Shamow
1,Eli Klein
1,Digant Kasundra
1,Dieter De Meyer
1,Dave Dash
1,Craig Dunn
1,Christian G. Warden
1,Chris Barker
1,Carla Souza
1,Bruno Léon
1,Brenton Leanhardt
1,Bernhard Miklautz
1,Ben Ford
1,Avi Miller
1,Andy Sykes
1,Andrew Regner
1,Andreas Rogge
1,Alice Kærast
1,Alex Harvey
1,Aditya Patawari
1,Adam Jacob
1,Aaron Hicks (Shiny-XPS)
1,20after4
